Employee_ID,Name,Age,Gender,Department,Position,Experience_Years,Salary,City,Joining_Year
1,Kathy Graham,51,Male,Finance,Intern,20,50768,Jesseland,2012
2,Ashley Thompson,24,Male,Operations,Executive,15,97669,Tammyfurt,2015
3,Denise Martinez,28,Female,IT,Consultant,3,65371,West Nicole,2014
4,Dr. Joshua Vasquez,25,Female,Sales,Developer,0,45902,New Cindy,2018
5,Antonio Arnold,52,Female,Operations,Manager,0,96903,Berrymouth,2021
6,Kyle Fox,44,Female,Marketing,Manager,17,82910,Port Tiffanyfort,2016
7,Matthew Burns,30,Male,HR,Executive,1,43309,Burnettberg,2023
8,Keith Webb,50,Male,IT,Executive,14,82298,Jaclynstad,2019
9,Victoria Benjamin,54,Male,Marketing,Manager,13,82886,West Paul,2025
10,David Espinoza,53,Female,IT,Developer,11,108187,North Michealhaven,2024
11,Garrett Moody,24,Male,IT,Intern,3,95717,Lawrencefurt,2013
12,April Krueger,35,Male,IT,Consultant,7,48757,Martinburgh,2021
13,Charlene Cochran,28,Female,Sales,Intern,14,48105,Hancockville,2023
14,Cynthia Humphrey,41,Female,Sales,Manager,3,114117,Josephmouth,2014
15,Scott Woodard,34,Female,Sales,Analyst,6,99871,Wuburgh,2025
16,Brian Hanna,28,Female,Marketing,Analyst,20,111122,Ruizstad,2013
17,Miguel Miller,50,Male,Marketing,Manager,0,106266,East Cindy,2022
18,Darius Ramirez,51,Male,Operations,Analyst,13,96994,Morrowstad,2012
19,Caleb Santos,41,Male,Sales,Executive,8,118561,Edwardfurt,2011
20,Claudia Duran,45,Female,Finance,Developer,15,26585,Lewisburgh,2026
21,Robert Keith,26,Male,Marketing,Manager,5,63447,Port Joel,2021
22,Brandon Brown,25,Female,Finance,Intern,13,35297,New David,2014
23,Joshua Oliver,28,Male,Operations,Analyst,8,76212,North Kimberly,2014
24,Mitchell Fernandez,36,Female,Marketing,Analyst,0,93697,West Parkerland,2017
25,Michael Clark,27,Male,IT,Intern,14,78791,Goodmanfurt,2020
26,Dr. Kevin Cuevas,41,Male,Marketing,Intern,4,84605,East Nathanborough,2019
27,Bobby Williams,42,Female,IT,Intern,20,77365,New Kent,2014
28,Karen Wilson,47,Female,IT,Intern,12,69652,Port Brettport,2025
29,William Summers,39,Female,HR,Consultant,8,43803,Port Tinaville,2017
30,Brandon Stevens,31,Female,HR,Executive,8,38276,Anthonystad,2010
31,Mindy Curtis,39,Male,Marketing,Executive,17,45096,Heatherhaven,2017
32,Christopher Baldwin,34,Male,Sales,Analyst,6,29962,South Richardberg,2026
33,Ryan Stone,24,Male,Operations,Developer,17,37635,Josechester,2016
34,Carolyn Livingston,37,Male,HR,Intern,12,79740,East John,2018
35,Samantha Rose,48,Female,Sales,Executive,3,86332,New Stephanieton,2018
36,James Ballard,30,Female,IT,Intern,19,82598,North Scottville,2016
37,Eddie Bryant,38,Male,Sales,Developer,17,37529,West Cory,2013
38,Katherine Jones,55,Male,Marketing,Analyst,10,25882,Cassandrafurt,2016
39,Austin Jimenez,56,Female,IT,Consultant,1,117434,West Robert,2012
40,Bridget Mathis,59,Female,HR,Executive,3,87124,Port James,2012
41,Vanessa Mcdaniel,55,Male,IT,Analyst,1,104164,North Melissastad,2011
42,Sandy Bowers,47,Male,Marketing,Developer,7,99223,Lake Steven,2017
43,Harry Owens,37,Female,Marketing,Intern,15,79965,Swansonstad,2022
44,Peggy Woods,54,Female,Sales,Intern,16,57275,North Jefffurt,2019
45,Megan Zuniga,60,Female,Operations,Manager,17,50389,North Jenna,2010
46,Jessica Koch,27,Female,IT,Manager,20,26567,Lake Andrewstad,2023
47,Michael Wright,39,Male,Marketing,Developer,10,51808,Tonyafurt,2021
48,Patty Holloway,57,Female,Marketing,Executive,8,51319,East Johnton,2024
49,Anita Whitney,59,Female,Operations,Executive,6,119201,South Kimberlyview,2026
50,Robyn Norton,50,Male,HR,Intern,9,99538,Port Markhaven,2021
51,Vanessa Smith,40,Female,Sales,Developer,7,96747,Lake Robert,2016
52,Henry Lopez,48,Male,Marketing,Analyst,0,109507,South Angelaview,2014
53,Stephanie Kelly,27,Female,Sales,Manager,18,66214,West Kevinfort,2017
54,Scott Gutierrez,60,Female,Operations,Analyst,4,87973,North Lynnhaven,2021
55,Lisa Johnson,56,Female,Finance,Executive,12,118909,North Austin,2023
56,Marcia Perry,30,Female,Marketing,Analyst,12,112558,Johnsonfurt,2024
57,Pamela Conner,41,Female,HR,Developer,14,74791,Lake Shawn,2021
58,Nicole Sanchez,52,Female,Sales,Consultant,9,73835,Williamberg,2026
59,Michael Wade,27,Female,IT,Developer,16,91058,Jonesmouth,2019
60,Madison Valdez,45,Female,Sales,Consultant,17,65190,Lake Shawn,2023
61,Christian Smith MD,38,Male,IT,Consultant,6,43096,Port Austinside,2026
62,Robert Parrish,31,Female,Operations,Consultant,1,117683,Michaelton,2011
63,Priscilla Jackson,50,Female,Sales,Executive,20,71817,Port Dustinview,2020
64,Bradley Thornton,41,Male,Operations,Manager,15,82039,Holmesside,2017
65,Daniel Malone,46,Male,Marketing,Executive,16,119199,Ramosmouth,2025
66,Elizabeth Nelson,22,Female,HR,Analyst,18,115231,Sheltonberg,2017
67,Daniel Nicholson,59,Male,Finance,Intern,0,90476,New Linda,2010
68,Nicholas Maxwell,28,Female,Operations,Developer,11,72484,Hudsonstad,2014
69,Stephanie Tran,39,Male,HR,Analyst,1,79726,West Margaretchester,2017
70,Anthony Ramirez,56,Female,Marketing,Executive,15,67631,West Sandraview,2026
71,James Williams,58,Female,Operations,Manager,7,90300,Brentview,2021
72,Shaun Lopez,24,Female,IT,Executive,13,111314,Baldwinhaven,2013
73,Benjamin Davis,50,Female,Finance,Consultant,7,36107,Lauramouth,2012
74,Elizabeth Lopez,31,Male,Marketing,Executive,10,56451,North James,2013
75,James Barnett,39,Male,Sales,Analyst,11,59895,South Shannon,2016
76,Brian Smith,48,Female,IT,Consultant,17,38391,New Bryantown,2017
77,Erin Payne,40,Male,IT,Manager,20,104144,Dianeland,2021
78,Catherine Peterson,32,Female,Operations,Manager,11,94092,Barnesburgh,2019
79,Danny Kramer,27,Male,Operations,Executive,6,39071,Lake Nicolas,2013
80,Amanda Walker,57,Female,Finance,Consultant,5,111509,North Jon,2016
81,Mitchell Morrison,57,Female,Sales,Analyst,4,71279,Lake Janechester,2020
82,Michelle Bryant,34,Male,HR,Intern,7,93632,Andersontown,2011
83,Victoria Lewis,30,Female,Marketing,Manager,18,70935,Kristenland,2011
84,Emily Ramirez MD,24,Female,HR,Developer,20,53834,Rogersmouth,2023
85,Mary Medina,56,Female,Marketing,Executive,18,73184,New Lindsay,2016
86,Sabrina Osborne,25,Male,HR,Consultant,6,107498,North Phillip,2011
87,Christine Davis,41,Female,Marketing,Intern,2,86731,New Mark,2010
88,Lori Rios,35,Male,IT,Analyst,0,119285,Reyesburgh,2013
89,Jenna Adams,37,Female,Sales,Analyst,18,66075,New Michaelview,2012
90,Martin Perry,27,Male,HR,Executive,14,66570,North Monicaside,2011
91,Michael Cox,57,Female,Marketing,Executive,18,48520,Huntfort,2023
92,Debra Wilson,50,Female,Sales,Manager,5,45279,Bradleyview,2023
93,Jenna Friedman,57,Male,IT,Consultant,2,35160,East Kimberlyberg,2016
94,Douglas Jones,32,Female,Finance,Manager,13,27326,Rochaville,2024
95,Terri Holt,30,Male,Operations,Executive,13,64227,Graychester,2011
96,Devon Case,27,Male,Sales,Manager,0,72236,Lopezshire,2016
97,Gary Mayer,47,Female,HR,Analyst,14,73463,Donaldfurt,2012
98,Jeffrey Villegas,35,Female,Operations,Intern,2,99509,Jasminefort,2015
99,Jesse Roy,29,Female,IT,Manager,0,34585,Nicholasborough,2010
100,Brenda Harrell,55,Male,Finance,Consultant,15,39678,Port Thomasborough,2018
101,Mark Bennett,24,Male,HR,Analyst,18,97615,Joneston,2014
102,Linda Willis,53,Male,Operations,Manager,12,84305,Marthaview,2012
103,Elizabeth Ray,49,Female,Finance,Developer,20,96723,Carterhaven,2015
104,Peter Bennett,49,Male,Marketing,Manager,12,71938,West Christopher,2016
105,Andrea Singh,27,Female,IT,Manager,12,35455,Lake Daniel,2025
106,Derrick Farmer,39,Male,Marketing,Developer,2,99373,Lake Nicholas,2014
107,Mary Pope,42,Male,IT,Analyst,8,115531,Bethmouth,2015
108,Rachel Salinas,30,Female,Marketing,Intern,9,103894,Danaberg,2021
109,Susan Burns,28,Male,HR,Analyst,4,31926,Mirandaburgh,2022
110,George Duncan,35,Male,Finance,Developer,8,76002,Valdezchester,2025
111,Kimberly Bartlett,34,Female,Sales,Analyst,15,108980,North Terryhaven,2025
112,Shaun Johnston,32,Female,IT,Intern,3,76708,East Monicaland,2019
113,Paula Esparza,52,Male,IT,Analyst,20,97933,New Tracy,2023
114,Joshua Davis,42,Male,Finance,Consultant,14,89112,North Anthonyland,2020
115,Brittany Fletcher,45,Female,Sales,Consultant,0,103712,Bradfordberg,2024
116,Benjamin Jones,59,Female,Operations,Manager,19,72808,Deniseport,2013
117,Ashley Elliott,44,Female,Marketing,Analyst,16,89931,Garciaview,2017
118,Elizabeth Williams,30,Female,Finance,Executive,17,86395,South Jeffrey,2025
119,Barry Chen,24,Male,Finance,Developer,0,103560,New Luisberg,2019
120,James Stewart,34,Male,Sales,Executive,6,65628,Nashborough,2012
121,Collin Wilkinson,50,Male,Finance,Manager,19,34311,Christianmouth,2018
122,Monique Brown,28,Male,Marketing,Manager,1,100833,Katrinafort,2026
123,Sean Phelps,27,Female,HR,Analyst,9,99063,Port Christinaport,2025
124,James Hernandez,37,Female,Sales,Analyst,9,106940,South Brian,2010
125,Angela Torres,37,Female,HR,Intern,8,65351,North Seanview,2024
126,Lauren Luna,57,Female,Operations,Executive,12,102758,West Michael,2023
127,Aaron Andrews,22,Male,Finance,Developer,14,107606,New Chelsealand,2015
128,Jessica Hall,26,Female,Marketing,Intern,11,65923,Briannaview,2017
129,Kristin Roberts,47,Female,Operations,Manager,15,72136,Lake Victorfurt,2017
130,Jeff Johnson,35,Female,Sales,Consultant,4,40549,Kelleyville,2011
131,Caroline Robinson,29,Male,Marketing,Executive,3,108480,East Darrellfort,2017
132,Joshua Roberts,37,Male,Finance,Consultant,7,43683,North Richard,2018
133,Laura Yang,25,Male,Marketing,Consultant,12,101547,Deanborough,2011
134,Laura Williams,44,Male,Finance,Executive,16,97824,Port Brian,2021
135,Dr. Teresa Howard PhD,57,Female,Sales,Developer,9,36502,New Danielleshire,2010
136,Jerry Jones,29,Male,Marketing,Manager,16,40619,Johnfurt,2023
137,Joshua Potter,60,Female,IT,Executive,13,101379,North Nathaniel,2021
138,Brandon Stevens,42,Female,Finance,Analyst,7,29811,Lake Roberthaven,2023
139,Gary Cannon,41,Male,Marketing,Analyst,11,109165,North Cynthia,2011
140,Stephen Barron,52,Female,Sales,Intern,20,93008,Port Heidiside,2026
141,Jeffrey Vincent,54,Male,Operations,Executive,15,32232,Leonberg,2025
142,Jeffery Grant,27,Female,HR,Developer,20,55825,Velezbury,2010
143,Ryan Baxter,50,Female,Operations,Intern,6,84426,Port Lauren,2019
144,Kaitlyn Willis,48,Male,Finance,Consultant,11,116870,East Michael,2014
145,Michelle Scott,22,Male,Sales,Intern,0,103123,West Johnbury,2023
146,John Walter,28,Female,Sales,Analyst,18,39414,South Randallhaven,2013
147,Samuel Pacheco,40,Female,HR,Executive,17,38743,Lake Heatherton,2018
148,Daniel Shelton,25,Male,Sales,Manager,6,53498,Toniton,2018
149,Elizabeth White,52,Female,Marketing,Consultant,15,43674,Barbertown,2012
150,Jennifer Moore,52,Male,Sales,Consultant,5,82413,Derrickville,2021
